User_ID,Calories
12549363,170.37429426882653
13995058,184.7449867646741
17223277,54.63742023417181
18175714,158.4689241228481
17841615,212.74950396973645
16418277,170.21773052432803
19165109,93.94718507893879
18199020,43.76759458834826
13570908,79.92959402628746
18084777,59.440118437948094
11341405,122.88461637912042
13203902,53.69094479370598
11756678,14.043071461754083
18234025,162.67531731588838
18654886,210.16995488406417
17188091,13.921339062312995
12083988,98.2093519758175
19771974,127.83289907777129
10315802,158.4113147615564
13191795,8.123715969278479
14661843,52.73460048514309
13228675,90.39177500636909
18442309,27.920051830803178
12356103,87.14398684511781
17118372,21.22095748572817
18809970,128.2585132512502
16192447,101.12513821820946
15397806,184.20934798203734
18868750,120.47491464525018
15385584,99.87023299978478
18723537,24.18924554986411
16898284,217.0940944300309
13061946,57.55321050215113
17143494,46.80675966650315
17017700,126.50529598599651
16687495,116.95001368182831
19674610,37.78808170499363
12804422,128.05805193408474
13338635,11.328104748297372
15797904,128.5032489141608
14854195,189.20014178058247
19057159,164.05504100825462
10803548,140.43866480148088
14173949,59.95875113455664
13282604,65.74884690940526
11907551,52.47594902592374
18997284,80.02074825279703
18423089,194.0738219599998
11860761,134.12988389893306
14889237,120.68099896685071
15094064,11.800839721442536
12259016,111.53325316113553
16417729,159.60864867196557
11160389,95.88624844525992
11583193,66.10608981913063
12302799,88.68394346780074
16611029,163.1334244222373
19292845,19.128699046505698
10812157,30.61857064396667
13057536,96.91388538002457
13900047,39.22643988283625
11693744,106.82357611333998
19579367,88.73117262557774
14316629,50.45023631906613
11998292,38.08521133388173
12924695,130.17455530230143
12636484,210.71341478718492
16713463,124.43057165355256
13164897,98.79049384150085
13782587,44.470631811720985
13798638,127.61395637568339
11737355,28.67742493669199
10780511,9.701956575936567
11524122,143.88603121020253
10999617,33.399109870312195
19786486,89.6674790276993
16473518,63.54351583694465
14003775,66.28634306945563
18398697,45.99327439424281
12982082,172.52087656516593
16423930,166.593089792935
16325118,133.18784155853464
13857166,92.49412658639788
15960426,102.34224970343858
13034064,58.14119078658874
19584126,176.00714732619846
18067287,127.87073869520171
12005737,17.880843877493838
18426166,147.6177576032725
13379618,44.700522525802626
16042664,40.51658586870308
16446052,37.63957873440651
17095611,25.886219052866778
15589598,189.31726754776238
11464905,6.670138991595103
13185217,10.607959612387331
17823052,211.86743867920856
15118439,129.39187490726636
12164109,182.54058172960214
16647083,168.44609212113963
19676431,14.698570382257317
11158313,100.47092072863353
13197304,176.22939555343018
15580707,161.5471993034425
10811492,63.42413284031791
14495392,162.65365427452807
13690107,37.14085955781971
10451413,20.6140651097727
13918604,177.63962302374716
16082376,29.899912968710847
10712052,108.71476224198794
19715842,181.73723945507473
17657345,45.92128609212408
19136513,143.88261274335488
12736185,54.814043980859246
19573367,81.50640764518847
15717463,81.6096163912227
16563524,64.32221937334704
15381703,14.105630843035945
15157311,7.379677555450645
14430730,169.58689616307504
17861443,50.59254355795004
14222192,41.83940343936774
12222855,20.29512280904052
18863986,32.05160003114955
13212378,99.94348881473272
14554560,46.60585082563704
13798941,55.134903540495365
18082650,102.10053382463289
14108894,77.43466576465762
11956200,61.16110872888821
10420638,183.3327295320326
16090965,68.63045660100255
19841917,137.43310424726644
16612767,102.94030721482908
10299836,72.9527238299593
13558123,73.07823046102136
15813794,63.910814983787745
13220892,167.32739209426123
16445155,21.940224271356175
15675242,114.637358613007
12055629,15.775033221903197
14708063,111.4943796976215
19225724,40.57103222673673
14700408,12.17548644067134
11713594,35.788678234034805
14489692,157.15309117825566
13788834,82.54841952542525
19135581,116.72045090855876
16682378,85.75494890959659
16480275,40.996328398125314
16161839,81.58815863817095
15878611,71.53195397700051
14477337,20.084511467681057
10804602,93.81438923993036
11109935,57.60810500969904
14852672,130.85122319772267
15537129,39.94081888217807
10487596,190.88794787840342
19902934,39.488271641426465
10255842,125.74503720451796
15450960,101.9924868699578
16819144,114.73679922878759
17301298,145.50693704136793
13439969,59.40733442121119
18451511,31.810174844441505
10104386,42.38893316352412
18273470,122.02727227598547
19486170,200.50819514204844
16913565,110.42919101892723
16881110,72.74630502454443
12922230,78.96419495098749
17708474,6.275493105230065
18551947,82.26003805170639
11709610,16.252806145939374
13052161,47.70182900513343
18345317,8.667326664414473
13002310,61.752331665370264
11028954,171.66186684598028
19720092,180.54749193512097
18636358,43.252442259275334
19916602,80.79234558343538
15899221,70.88131752341104
19890878,117.0252678797919
15148015,125.67452787334747
10876168,81.07731099498862
18300732,12.50104677013303
15438462,48.02666821215799
15607088,155.26448883149607
14847598,6.636395453154999
18826115,40.71180152714154
10994334,7.276290954272579
11541155,160.24236743501717
19467322,41.40939933811595
14226375,172.55744117232052
11411183,102.05758413387504
19275069,7.655286020980586
11395289,197.805428985736
19753808,5.526454462412634
14510801,9.817492186063374
19488650,8.54433772825148
18193091,127.64725392725163
13310205,24.792426487936282
10311591,39.46559720974978
15117490,94.73370316516076
19084039,89.91568859982124
18922964,139.7065838600139
12030953,83.24991638898418
14861471,14.769785536148625
19271328,66.45961821678593
11651821,61.47535107928323
15638062,188.94535134805216
13910402,160.0754772355826
19737155,17.768810529853944
15455162,47.93697639285348
11045810,63.662970160278945
11921243,86.06270088712361
19988317,138.3196281323246
11283803,41.803793052635434
13245068,96.62899759196885
13919809,162.19609842304195
19726861,67.6104987659675
14353475,132.1446785586579
10048196,183.786762256644
13063778,78.27903345223962
18581701,34.689939824457724
12893407,69.10621714812474
14534663,129.1984046332014
14402513,57.99419173302457
11991458,6.863396664530321
14467814,58.14308698093496
11053374,52.601610781428455
13421333,62.02793515341401
15603206,75.81612955133782
11933230,13.609304198257474
18907327,50.047067764608265
18314939,125.09024330045098
10459338,19.763450131909682
15393805,144.1158132212378
19896062,21.0305068354074
18544417,18.133428798172275
10928279,190.77645787115966
19715870,91.01134407080205
19227952,11.292979871444336
11680981,43.29775582949281
18565764,72.35790614642734
17401435,45.6144891333161
16557786,117.82064596045781
15364988,42.92269473187684
14168440,19.39016055261327
15090204,53.224478013314474
16295152,93.6179864014685
14330210,39.84831424857982
12593779,106.92551477847427
13967757,111.14157651185155
11616478,32.123950464122196
16048075,10.190575929770013
15053436,105.52752486657229
13226083,132.23483242427506
14851002,19.545776098679138
15312578,21.55309314975092
13367877,70.67528496991827
16165299,52.02144071483912
11942073,19.70747333315656
14499450,25.718309728488318
14947633,4.209000718403714
18096377,58.44302872723777
19742571,20.745578235397357
13981062,65.77788761143792
12597863,180.47749824410428
10077557,98.86462622471639
18567343,131.03331506795587
16858173,18.110893093775637
19284046,140.8419790606726
18305966,20.979272973797492
17919013,56.05870788343841
13705532,82.08663009768637
11839827,147.64881503019384
10293839,9.03773219975153
14625393,63.477913321288
11756583,176.42429195289657
11794204,107.70969084761246
16485564,33.9998763472032
17890190,15.552885068545859
10248976,176.6194363887291
16973642,45.349803085060394
17549375,39.46995117701391
16390887,51.25163714256598
19318419,102.71628664849489
10157295,52.82700879528033
11765471,168.74869964117914
18332679,38.90691239256274
16430252,71.78731056483724
19431944,47.23897826717288
17636210,132.09129551310124
17419235,37.37742651193398
10126377,80.13456324380478
18151115,125.29959778097013
12363678,131.22125461443588
13883058,185.07006617821187
18404578,209.72498865871142
13065291,6.007944440902894
12095824,206.4928879180635
13706384,106.88303576715103
15349518,68.2275741813717
15917218,135.8545714070966
14127126,57.54775360956877
13464795,200.7424765399896
14761417,179.33476748699408
13531243,136.13711697840867
15546601,81.45208526489665
12079828,37.81811150240675
18544558,159.17397791372215
18095715,82.23058510325606
14758258,181.06070431722017
16073180,182.45896331505875
13635471,209.8086502662354
10610016,157.79017576873497
19935593,55.49620229152572
13611223,218.05483937979878
16096368,198.13873738786566
14376995,84.67366383808208
15585440,167.5850097277053
16833000,77.41215591064163
18158564,46.932931603177295
15744468,11.786360910145158
16039970,87.15267423778674
12155209,103.6539044794234
16569335,82.77749173026571
16783162,71.37310237058169
15409745,11.11876640145524
17585464,125.17275776463055
18296214,10.417032533510342
18145627,90.40050959642528
17952771,39.15843510338579
11218653,98.02120346932995
17548410,107.76907424400932
10776413,155.443346466628
18223575,91.22137461362149
15699085,121.79552682473138
12917470,26.02589909532385
18704438,194.95268524908886
19604365,81.4560912208861
17476522,138.5465886080981
19808698,89.94464283129919
14076267,12.235678308283019
15989135,29.038624437145646
16518456,74.64349867787804
19115156,27.248921716764652
14767779,166.35768500095898
18890018,181.89571013183289
11833919,62.94247437112026
17987097,129.6304294263199
14697434,63.30122523787553
13965766,67.41029225940493
13127431,4.224187600756132
11336771,162.11884279835115
11666971,175.55494153732963
17749229,120.18247309500632
18434917,128.67828516932784
13454914,72.070465675532
10825757,125.40058990721732
12955525,137.2262912257897
19627063,25.646360242235236
13166742,165.30248437165466
13518939,31.899019418656835
16959962,127.15853677162559
14164545,25.71274095856848
11028654,198.52308695618973
18369171,121.35916959062959
16284326,24.967801582850523
17323526,110.02158702115656
19486187,90.98029187219069
19925665,129.0712744643275
17177140,20.860548857532713
13963778,182.25060725157888
11161294,196.4515823255685
10670189,194.53964768186788
11300311,49.23656950685119
15523047,79.17889461470462
19549420,149.97868709315847
18947699,24.215229103922052
15740792,29.686593791147207
11109348,195.83055817480584
15367074,6.652466143986742
18241080,5.072647079443981
12848526,169.16880641646057
11356128,95.77550517367264
18557561,113.28117327080177
12569624,168.65470696342064
13680204,168.394464777458
16061236,20.408705768928865
16642924,112.12907141097736
11539773,126.9327903876833
12679497,34.986444002344776
10902241,170.59278711428453
17171621,94.33761857130979
19727825,21.446860289126107
18818054,114.96335997387177
13741110,124.20462559178839
11962395,85.1923361461975
12764279,187.26689743102057
15500413,138.03996860851177
14862083,140.00833529768897
18752018,108.9971674596804
17153489,96.82475368674373
19358109,18.18255806803993
14275480,68.35913153309794
16927353,164.26747834306752
10174029,189.55183132137242
19594607,105.04953007473557
11967522,207.3572726846806
13033070,7.831262704687131
14223192,53.54402059367208
13884571,163.5937063811009
16050482,11.173087614789129
10158414,54.49848400956798
16952678,84.9170436711066
10244000,23.20913552137106
10229762,7.628034382043271
11456581,156.65925453290484
19052585,34.613841739193425
15797807,84.90752877721853
15397869,69.91946019640287
17755538,131.57430654553355
17010521,45.209457302327934
13602903,42.73067879410149
12933664,10.050581870397338
11763720,69.1736443823595
19445849,98.78172993726432
10232911,102.05854152792706
18904436,203.52505590088305
15077435,54.35587351369811
16127786,4.6124155499792945
13777887,174.19195834508224
17006078,44.96399719022459
10494169,54.789464784698694
16709658,160.991730835364
17358233,47.30080258994819
15382966,176.0338811190185
11304866,208.15583386346174
14954248,44.579079556847105
17543576,46.71871653122458
17569800,67.90949224032184
12624213,205.23809502329613
11979612,127.7071452243182
19380588,154.6824237667171
18424958,43.05463075052617
16853970,84.87051440875959
14060949,48.36474242041247
16300919,99.54253081609059
11680010,122.56530644389518
16290700,78.35288285882453
18875049,54.218747846543046
19416303,32.641730147128776
18489846,43.24090844733888
10266885,120.75271042493344
19267175,151.3165336445293
17921022,172.99301143253936
11948320,144.18400317497554
15292175,88.67713503442982
12826845,190.50577939694983
14285377,73.54206855155412
19358330,107.96000402785033
14433627,93.75355718929286
12290506,37.60631430538567
18821278,101.59172543998787
18466669,56.19079900020553
18191103,126.3249774440934
18583921,6.606922801827505
16554864,91.6346247042212
10826147,30.82462084605701
11966394,47.12973470177527
11989680,21.7439529565403
12319687,165.34518209168354
16203156,177.53311989997027
17348994,25.82097341462156
17102445,37.12944302237102
16382966,25.881209572699067
14917389,36.05098220570282
17422182,42.13801923948731
13098248,23.687297390547453
10570155,183.11733400452886
15008390,130.5037470062493
11969700,58.08413597164607
17806696,7.437506294036444
11877586,4.800648677955837
15772788,210.62296097004986
12330499,19.60547007996596
13462534,8.237382489522775
17184236,186.69045350726088
15563326,90.54705410430539
11060769,78.64590839287796
14314908,48.335986408262585
19712626,89.59160825938781
17024253,48.45468565129695
14494156,22.975928883233998
13727191,17.099317086273537
12088340,124.57426362571091
18184462,119.61365419059265
12061462,14.89393922776477
17157866,111.33434925589282
12663057,171.70283885371404
13025999,20.79760476436372
17143275,96.40744711707467
16915497,20.58824324303941
14661410,151.26218456834974
18157671,64.4794090879787
12698942,174.26138910220806
14248532,124.02964877356294
19689908,70.44193724648703
13325818,83.8470567577508
14373677,33.86039535151278
18728217,48.177636650289784
15687807,62.79390526065723
15031709,137.2349133840663
11640033,151.42080100734464
17762006,7.277690376418615
17300463,175.6524437930998
18423500,26.139869517958367
18867459,58.933844489928234
19956618,90.24944176913522
11717487,201.64718268280637
13657808,117.71151890405245
16859377,100.21333479569257
12668423,72.71330361669318
11158097,111.14886076513588
18250919,8.154053071689718
10477080,166.2154434601039
18139213,186.95101149424195
16861387,69.48984427500709
17674162,115.23576471630639
14777378,29.37115226065573
14810201,133.09997130500452
19553846,99.5945718191778
14422916,103.81306551033664
17761176,6.0035611700971065
11769784,119.03646957619479
13629888,62.32077689601012
15032148,45.03869392646191
15865351,123.24681865859064
10013882,15.366602344690481
12053690,136.2133793159349
10211651,91.78529366705642
16131570,83.08933158212223
18682525,89.80419310245436
14997748,19.823808038779802
18190007,99.6698733328363
19385373,173.4632650015394
16509162,25.55368216786698
14418662,47.238444562127206
16618332,127.94593797493474
19452062,117.30294350814232
14338206,120.01734604003097
17838616,75.59923913672178
18280943,24.381225789467006
18557469,136.7071077794043
17699499,96.80139381766722
12610747,200.65241333255867
18989710,36.158777928634294
10630310,4.876659776783898
17731293,26.842283280535607
13708815,185.02773498492098
15291398,88.16075082319557
10556827,55.087121022151265
10442926,140.11703130504193
11971930,34.636127912777425
18109896,130.468197923476
15118662,5.10020855283913
12923824,30.98001439298937
12600728,35.95321778994017
11142922,33.956252510753664
12462491,26.09706097626453
18996844,176.04209501874354
13897571,53.631498351667744
12756164,12.289146966053945
11236270,14.426560913239442
12399826,56.04298422303561
11944290,24.367764503058055
10354823,187.39022595207
14616526,87.03092726155113
12344142,213.5326684599672
13470606,91.2253864980318
16202796,40.70625239779974
14116675,90.31583619785876
11639090,37.566729108754906
19718404,105.43515864481736
10636184,154.59855504415094
15558914,166.05728898745423
10912661,19.026878469345426
14777311,153.12029802700954
15304818,210.41105825072415
11231211,28.349842740526384
10480604,193.69579314223867
18473115,73.20307540613605
19976691,23.16919901543883
15874362,10.447678267033165
19644961,144.40969755621836
18685732,141.28314036951642
15603034,73.64242422795897
15128163,183.7716958383334
11594161,68.99022367133085
12734839,213.22365948659098
14435368,164.34559941342755
19195820,143.50389951837232
11314616,81.28373478704883
11188547,123.71145361715843
16792673,36.4705297381541
12642027,111.14229442019673
15164049,107.97348698421483
12589803,62.25080582060232
11796936,108.10525689371838
18380093,121.59036372702397
17017081,37.188875415569115
15150878,20.90026660101115
14211921,17.97344129207082
11290538,86.18219003192071
16698154,188.10765080817276
11566569,27.288699519833557
15217381,138.8054574032204
13218598,193.94511387257467
15054705,6.114242489651229
16182645,37.17259824734618
15108647,20.32426491052304
13890962,59.45815179255633
16330457,63.36511031828225
10250475,96.76080068898048
19948051,213.93979093810066
19743177,91.16901947623057
14600903,94.84366877430176
15381496,22.906137019492217
13896084,52.19386588301735
18053386,188.2704690623838
17910606,76.2764314627217
16710861,42.04111429392383
15219259,35.07166526159467
18458539,149.02162109405234
16959072,113.67512177847199
12024446,49.23100654149175
10131998,135.14576474454236
15658862,26.732336421763318
16733217,29.740197399478827
10072090,86.99690644602478
10826473,41.70075842215834
18789619,7.705744155819957
13423522,175.88792550096701
15019146,71.04187126709822
12190043,75.73373556961306
12302421,28.269903306790244
19020086,81.32773248458507
11741754,79.43906282639664
14714345,152.21101151635506
13377470,91.01407498673352
11083038,7.986490342532219
14429861,11.911711265907876
12505221,8.422789647171117
18488315,106.98264077168086
10012801,94.13241443391024
10332883,9.201792393560435
16732256,27.724938784040912
16025145,12.364496976327363
19693886,68.1207458997782
17791415,96.7393860315622
19392699,14.207560516995283
19379018,88.60848248946341
19070128,69.46736061670398
16415104,145.60186192378163
13178607,174.43144611442884
15931804,68.44061276479077
12341644,218.71281796579353
17906295,130.385820786837
13873260,28.90494056790889
13234647,105.1193955670825
10137820,102.08294821858956
16864285,75.42128978408043
17308957,178.96759633315793
17755287,20.119480620165927
14623070,118.21291161228037
12888250,64.39446228931095
12966987,81.16377305347072
14460322,4.582932295840132
12196897,110.97047121082747
17605056,157.88283669889972
18643037,9.934772539655265
17091336,10.02312649561285
19209157,24.890266691711044
15710102,166.23657616350593
10965339,62.593059276258685
19869971,94.29965161063464
16984792,80.7670532156331
10117681,214.34646158542876
19148024,17.236392957185316
11030399,212.9269762185891
11876838,188.68365354326164
13390054,129.3512078601117
12298601,51.81934614641969
18602518,127.45687005756469
17192236,71.56337105902539
10229285,76.81186548602797
10969295,104.23222612575357
15916234,155.484764556763
12150397,75.64503223110965
19053854,61.93680222905651
10625848,191.86846674655436
12747945,71.85052030453937
19254310,25.36833675790987
17114577,114.41152529031196
16262909,26.24661088786209
12318694,7.06516769288668
17696084,54.09409813546282
16102225,68.38063214224655
13975608,10.279245301280815
15705598,45.93338547338228
11944224,11.875411327598528
15218744,168.3373237421792
16057645,120.66683402908218
16653476,10.474497824385603
15480584,9.230324042436921
12334750,128.83866750656279
12892291,54.57488351149416
16346869,99.62099365041946
19378732,72.90454405414532
12437385,124.81003272940342
19993615,70.52235958287164
12020646,110.48737317338849
17462480,108.20070199429081
19578668,36.88033119121791
16910616,55.7212570154097
19898430,170.20863816682618
13066276,91.491433788565
15158798,197.72411900990926
13463250,104.3057614618071
12803578,7.657506670438279
17916473,188.7990358507022
17714995,73.92465438516078
17516466,80.65151632402682
12184919,50.850627384169854
16957159,34.150030585383824
13045372,153.44136926568476
18259750,211.97632019840438
12018394,125.0821161875211
18085674,21.982882912477233
13884548,56.60723045109323
13327512,56.12621279980893
19608119,45.30298107878659
18922575,19.062026592900203
10944343,16.911585801283604
11588315,87.75732718350365
19665517,201.0027856543472
12658380,189.43651638515158
19103918,74.04287015747522
13867618,16.986464426816614
12825749,4.985529011397012
17603698,53.32973839421999
15005792,88.05691036164322
19149260,27.27172255770785
19626098,175.74953599536224
16363754,48.42374306289494
11789688,29.376634586045398
12720501,112.98279198471138
13710236,84.10923806291544
18176641,99.6595910458399
10351855,90.18997590404435
18327796,83.29985333786179
15698033,61.08740313297327
11351244,165.45785012279129
15340295,5.399510579794309
10918735,11.357953207027515
11084582,87.41830030504288
18001980,64.61667552733451
12150676,7.557076180225318
14142051,47.71988940210838
12950892,167.047354202575
19791279,6.037179179328777
13362491,146.38689166217745
11983096,32.95613307424846
16458764,211.88645334242833
16166803,110.90431567056706
19325095,171.07742608570328
15356645,107.14387370415619
12788358,195.52494499513222
15752599,160.69462810331814
10608340,21.655262535996716
11475190,28.677924744700316
17679036,134.285615097633
12510103,21.222738445794082
10123661,91.02752496663778
14971780,147.78622134930828
19209733,87.1393377435247
14057988,11.840861100614637
11218506,138.6760361488688
19574948,146.85907145313345
14641475,30.172960225697285
10593248,27.98382505572874
18858935,141.97850293847782
19354247,75.5772494371175
15537965,47.110646141483954
15529181,111.03717435513211
15233628,5.7389907367212105
15864287,216.02616373116987
13396128,76.5927403352708
13749090,40.42005664690716
12477808,26.204534260767
13442652,150.3284136632961
18037289,5.1478025569018975
17292135,8.501120604752154
14527077,81.91204685931731
12966327,107.48861369678393
17125361,77.12470410028055
15973537,149.45264449394259
15527192,72.09691453493672
13073159,129.28460624920825
11660033,133.72776972696798
17573893,53.429495432239655
16089376,66.07064731262936
12777341,42.901864565556245
15748028,9.803995412039184
17651971,87.29542397665612
17898833,58.141745462159804
10621456,64.50059171397893
10850183,8.284042308935176
16378365,135.38785745368867
17120164,100.90012176567616
16971500,46.539383857893995
19894655,63.40898579116195
10526924,134.36695225508694
18857418,73.20403629511986
17775419,90.76307366967686
19155103,41.64523708846603
13456668,16.821312069982323
13474794,101.4538226372093
17063121,167.32385360193058
16299205,9.531876595802496
12728072,32.451907238938354
14342459,70.1032756792146
12940540,201.61042499850018
16792185,117.45050795006823
13428591,195.13925470494164
14464504,189.74903415679069
14254234,10.564700624042143
11472319,213.11534085603964
17352972,18.75980651850367
18107311,153.64377036006763
13139047,144.76886263416216
11946762,114.44439662117148
18553147,60.33598477068395
15623588,33.81100884887603
13338473,5.928098259055102
12271222,171.70006590165767
19097171,58.64075263672884
14102172,38.97499727163396
10020479,193.24533276359222
17768109,5.061048093120091
18165149,97.44246121535538
11935759,48.401998602888966
11952300,165.84198543281704
17671848,33.63943398354835
10257114,196.59236031263734
10268173,78.26976379214618
13260915,36.206645513698184
19616233,165.5782893030021
13495983,20.836612607640554
10836250,94.35831082080547
16859033,183.01125408505288
13606343,125.77470517391572
19604069,77.44326825815779
17900575,7.469439440513291
17906117,62.00901302324022
19606143,60.2005747235027
18293520,125.81489758363715
15130072,156.32335476325085
19929063,138.6394296535208
12150256,122.21368445359447
14347203,161.05330952162146
10494078,180.96039480546943
10775847,74.7490839370665
17027369,48.973083781393456
10958982,25.670037368435818
16254200,167.4420333309704
14706546,45.82992484740475
16487611,108.45630055445709
10891271,112.49943113408551
15550530,44.475951442721744
15740386,114.63420748770663
10466957,83.76920406790256
12617696,58.51729790657291
19910728,44.890271589940276
15812790,79.52906371607646
13823829,7.466729577357022
16473431,197.18772728781215
17754080,91.6854319575885
12396352,156.0940918042712
11326795,94.82398891430351
10695412,45.42888940668142
13137444,165.78582106683132
16060578,142.58542184818123
12079729,90.96602599978661
17634227,132.63929493063867
18963715,54.18030279959878
10205471,45.565540851845306
19896929,135.9173067015992
11882329,84.34528915812906
18251057,4.7083321554300435
19222525,169.94018005766546
13990932,34.79486329342025
14907689,13.70100428467679
14526147,112.35809152083411
12508804,44.19785844712621
18936440,61.88593430717902
18657993,52.586683240667625
17572853,131.97195702007136
19764462,42.76747382530915
13075455,165.73383825607308
12895125,32.492592725618806
15830893,15.469799724003995
17575596,151.85686488346673
12026352,152.46635345859977
11192750,75.90991580560095
19208436,4.687767459742004
15486386,95.80218235306307
13339827,57.25568654634664
16271091,89.8849190284497
15295331,197.04486866445458
19360607,221.75069647865726
12674899,9.507454152402586
15142644,21.310059687756972
18676028,74.97622780067992
18113761,194.31361543707993
11951461,165.22718353078383
14281978,19.415448558639625
17374074,102.77200479982626
13064141,131.25203490798532
19874640,35.572665895838014
10160535,125.63964374147609
15701879,115.67441350674919
13240724,42.59354754476811
13115277,102.48067185016781
17993246,54.43842295334642
19692512,129.42916136171178
14333424,203.4980250258437
17923422,6.424165686601316
18497253,183.2081053807855
19713379,17.352212832786712
11027619,27.801444380961264
11765098,101.55257891687539
10590077,197.51360447102846
15507728,141.14695708268354
19812268,50.988007343545604
14580760,74.35609916641658
14898857,108.14859524407616
19085419,85.84309932016302
10928008,101.98104280511053
19922065,12.552161271476482
11943193,197.3900877225991
13065142,146.9892185608108
13246319,49.93853969112496
13517666,97.17525461519864
17521408,8.05970183903273
10241958,142.40731078844152
19145400,5.883141210544766
12348364,8.945055771882705
17657824,5.9423601174863405
12281792,88.25565036626399
16474372,133.41720810792228
17438830,21.847136145876934
18521428,97.95625278972949
13950707,190.79475167875597
14936982,115.45209697833822
17174976,8.101452164303863
11621985,164.7328632015185
16929476,185.28174284914277
18445506,51.693988193733425
13780557,135.12500180626074
15629105,176.44076207882046
12549309,8.9169482023807
11688497,100.93178189051508
11204053,103.82332049871228
13086636,123.1956340601296
12226404,130.67475843203036
10581301,62.551857114515975
18314931,40.09297306432105
13407400,62.33833484382711
14468905,17.344876977518602
16871492,146.88867838747313
11007977,61.61374770246501
19109837,10.76627705353719
10481882,171.9754081525696
17227640,84.13084402611575
11604799,58.87973012521371
14268261,121.00141394540988
19593226,27.92715126473387
14277142,176.7832112708296
16200540,170.6328516693615
10115284,10.812351688819508
17151775,39.9621977789997
14667306,65.20625394632236
17054511,47.33483265591484
12194986,64.15951757603348
17844052,155.5664450957019
10687967,19.660583297976125
17972545,48.472039569372065
18298527,40.98868638002134
11684127,45.45669682388308
15610530,14.400568686123139
19416338,36.339008027476126
11567280,16.73704526717294
12088481,124.5666127471354
14661363,39.28547353729262
16579928,102.81908034629835
15958775,65.46325487257668
17928104,29.979906529897473
16883252,25.16687302792967
17024549,44.75259374773475
11592925,155.8976581640446
14133520,47.297163795952216
17330495,128.44087611820316
12978657,86.4366896074601
11116171,163.76907182861584
10129910,24.94007712342005
10556798,96.20411715119576
13628975,145.0604195583822
12726357,76.26141189317642
19669217,125.2734403483516
12835963,29.639652545855757
19455241,169.59278686362572
17433353,189.22147993758972
17152651,8.957721504719842
15995398,31.520756556905148
15957173,63.04221477323409
12486687,193.306155226213
18304419,156.85465115201626
15381308,114.37791279368449
14178497,79.18589886574813
11568547,167.94073536951296
10134350,85.79692416781016
18225118,44.19426213481857
18180430,132.0810221478404
15020453,83.27792351606826
17811884,113.1473425441054
15851066,148.2969015887422
10679148,104.34944745672634
12568395,164.11138927726356
19136396,204.5986967875698
10641564,103.81307789295079
12259323,212.10926298900162
17349961,135.4075135219106
16053929,7.646472548551614
16904485,48.88151767533859
19601683,18.913949936533523
19640300,155.6298261041684
10315717,14.153266181634388
19715782,15.528887324502147
18258413,83.54247762227916
16257971,59.40104340636247
12492246,92.7145276929533
11388698,61.75321837465258
13038144,95.80983336919374
19998603,114.29206472804682
10749242,59.986023460374525
13782816,45.365797178529434
14208170,9.254143210628882
13761848,37.20394328991974
11141025,5.0626457134276635
10712930,10.775002805679827
16108423,75.83911004410915
19092010,6.441908901297209
15935038,158.65934492083048
15384983,40.52583173374172
15672166,65.91359105480937
16991521,23.199531144351955
10302267,122.00369658080379
15119296,13.09920504626815
10388146,57.70917329852682
10041638,77.8150925157515
11907199,166.53523601517392
13954315,56.596976486218196
15805510,9.38692238801069
17496189,80.76916436119579
18647795,44.288883071222216
11471355,28.095321940810976
13127106,155.58422597452696
15861036,117.99814008509867
18797005,55.93958343472319
16504606,124.39489037401775
13872524,14.702845835968034
18408109,47.64944015847692
19614585,111.64993493195362
17035174,16.984244632761396
11636441,166.10385431078578
14508404,119.97385236272723
14525296,198.20066685462544
16299581,7.648684735902981
12025402,94.0680076457627
19823260,82.44576096669405
17538197,108.17920221231998
15369798,131.88094909410333
13285045,11.749619777201382
12985572,88.87709618662949
15850859,25.952938979213776
17371262,42.01623747346041
19796584,64.02337595969475
10484869,69.46643392470091
11810121,27.89929822948792
15790423,147.41695622039353
12132339,128.2416781024735
10918689,28.042138267116783
13447451,62.71008320759747
14077818,177.22536533868129
10133801,152.19566236327262
15162283,125.52570059916516
15814212,82.45052447825978
15783742,147.41265006435208
19666541,82.39319500409411
10137959,61.68440564150912
17115421,123.9984858268749
19630701,88.1616660194074
10132457,121.72663311246397
12301038,167.025280666429
17544745,128.2482300129011
19802483,104.85169909222184
12917144,57.96418690521694
13987695,36.787972698422216
11900999,83.46227968359382
18521918,104.53013504853949
16592155,145.94548142928477
12291372,180.18415970673593
14647387,149.26189262270168
18028877,36.39766221281797
17592324,12.364848833448818
10445536,87.33464054406663
11300613,25.79064955430275
16454462,76.56577070243219
13523610,121.19952084584969
14837578,151.20477605878085
12720868,64.45819336123567
17818665,33.65096097677478
12278300,219.83194298880503
14920065,190.3470789910759
16311601,140.23352302278218
13567779,77.16948808243266
12657700,31.29316281697217
16784301,132.13569420984322
12751806,127.54139073832499
12595589,202.48367408644657
13380817,8.572348549678157
19487257,21.428469137443034
12470563,9.423933657746879
11898845,150.6448322198776
12879279,170.272898352387
10725494,31.97585197773124
11376204,156.61018610051346
18880919,125.88082964609106
11772037,11.123138898230133
18355557,79.66954699896382
17316287,56.83340383238173
19032967,13.564723576583871
14469880,167.81003519949246
14560093,100.06925641432078
10960666,120.86589269801287
11413986,132.916253283953
13812171,56.66587278914828
18085938,156.5593440683973
13769960,144.44367070499413
19797460,158.8656813013121
19648443,100.74402722338199
19385622,96.90252639077575
10030937,154.12608076301814
11028106,110.83802426686934
17781417,19.732751896392585
14428857,49.20866582869732
13906295,11.68563215247474
13811073,53.45160006867336
17510042,19.669388365705892
10925816,26.612306747682815
15340495,134.45092384110472
16497640,10.616079684809714
15101589,13.56154080380681
17824478,178.85634386387636
11544557,77.19871420264218
18471107,60.552963808672125
16023351,64.87575199183699
16002571,202.08071142290362
11023357,4.794524644470549
12735892,140.91853394354095
14964611,28.128978620764702
17917883,71.6774123695538
12578037,10.404562851898147
14069307,182.0781443983671
17990752,195.07614839348395
12410730,104.3523349228963
13837020,32.86855556759394
16488985,104.64190385156218
14734204,178.54528490998746
16187828,88.52935518074455
15876285,61.8776473582384
18972354,101.23146846635612
17494080,10.246005522931398
11481041,140.12148265076203
16126183,189.9622855799031
13277989,40.305331257200564
17371350,83.2140898219822
18499359,212.25551589715744
14270161,101.64915280639262
13134028,17.522034035952917
19755395,114.96002492644163
15208526,41.275420128884576
16109757,11.155761512018127
13168347,205.38704118928365
13020317,130.03863112441138
10011812,54.643631598057034
16925643,132.00750128118668
15763672,19.260626460038928
12436331,33.09876875332868
12115190,13.055528252853811
12860475,63.25588491837247
16700865,28.191440796516076
14814971,147.8736253130671
10081258,115.78957298590883
15031986,9.236245077301058
17239485,181.39095978079905
10460203,57.323716891910294
17690511,129.95518222396717
12841523,172.28573264974352
19091879,156.07113352541953
15983344,70.01862120839175
16398414,185.99253762061934
14660795,186.79061984083128
19026992,74.39743489349948
19839960,68.88761625261118
17643401,69.34411431424515
11294536,106.68047431873636
15280249,16.77277745654637
19135706,73.45303271438263
10280911,36.35519938219797
15404515,11.602538409492954
15499779,172.0371145377936
16716471,133.62858301545495
12538968,56.573041634245065
19114546,101.950457673072
15975029,20.642565740224047
17169871,190.82913010016063
12659284,109.09974062521479
12228347,170.9921880731262
14584253,37.902163722361784
16353157,8.419682508859744
17911210,89.77554959169751
13854205,25.454869645337613
13137758,9.69947510521686
11956634,8.501759923952156
14715979,118.78982323861032
14335927,84.77916903586384
16335033,62.24684910417162
11079294,28.06670615538061
12205400,95.17114042372789
18011669,116.68751644172318
19937105,101.58944694854996
13020449,200.40444822481314
10384770,23.85706519645433
16933466,139.23104673935026
18864632,38.863947693587775
12339121,39.391254585942406
15761095,150.86735572385678
10587939,58.869010349227224
11864438,36.76092266691589
15631560,47.34060158166022
17178684,52.48285719514666
15142192,159.6788009936792
14003614,190.26065372859927
11890127,47.83570457266216
13674642,169.01689332554744
10800093,93.59167150310194
18993624,212.84441201544539
13438528,211.20240935750937
19691507,18.66025959162332
10480790,97.56481683611311
15925835,11.353081960349193
11586893,128.0689047302212
16309125,22.804900898454335
12613285,41.28158521100993
15993245,85.16763319867621
12847753,47.358457644610674
11158328,12.09549658119795
15074838,19.505385404134156
16020649,166.16114141711392
13617043,152.80449077101224
17767631,54.27913813677059
10044774,111.52479628828483
18037928,171.0448252350219
17382283,39.62136331155045
18794890,59.95351454998374
16969674,99.69818334336216
12680425,159.10924744986846
19339030,20.39009607502374
18979629,178.04049255070194
18818738,7.650653316876847
15247493,150.9593301741441
11914274,53.217488326756445
10153799,39.26836375095873
15179818,177.96400043393302
14565579,32.23084244699862
19536630,56.48188513455257
15059795,196.97278122412595
16735236,78.16073806202841
12686066,107.35649980285238
19877336,143.53700218561227
19714157,92.69405554160787
18115026,217.96934082629673
12903365,69.16200210521558
10889897,185.54991809657554
19948847,66.24760950319889
12652678,113.45038518652527
19677464,139.41692572162634
14180543,37.025547696974165
19951388,8.741793442039562
13862112,52.520679677778375
15017250,68.58114423835164
17795547,16.30918415345564
13248962,63.49650137587433
16005883,11.498493023597845
16915994,147.41747275311806
13467771,14.189067218680625
19862023,13.75811508989755
19903249,98.18869671133103
19435593,173.7461390008781
11048913,129.58547017120907
16810366,76.0446274319832
15572882,145.7850089087149
15228800,76.67678629151408
17673217,4.557214232388114
14066271,79.97329092132689
18051437,219.78212449826688
11983331,99.32083533040279
13015459,154.97600168194418
14405270,149.74911502210747
15936301,22.010425609108218
11603478,187.0438589188394
10838219,39.79441734584889
18655705,98.01517243763813
19814184,122.29839532861826
10277001,15.376966636581844
12461328,9.099581834894689
11220068,114.79027852692111
12128736,50.70648574849063
10880425,59.406801366694594
17423388,82.49784923846354
15418365,25.817858069489017
18772197,180.2568585528902
14533301,150.0744956543985
13210322,63.50138890176146
18125679,62.769590691213736
11300212,95.92092117661868
18233224,14.012370315340828
12925052,28.137387101557163
14938437,213.5737504368888
18715447,122.24598998571264
14448257,148.5818198959645
18644412,144.93915635383112
16442069,179.99297990310296
16392133,63.86188415570602
15733989,14.166924307311222
17961995,90.28606687197468
18252836,167.59471301728968
11518195,177.55658765205385
11615919,7.913462134427505
10329719,57.44133761468647
16830440,74.87681795995873
11816376,8.315107336227108
18233713,128.43264439532362
13392219,107.34596112950875
13827729,106.47647416966397
13713143,170.28079212013253
18266691,108.61878287861286
14774225,137.64940014400136
19794702,41.59584185935541
13591165,71.02442528833879
14431680,82.62787596891849
10694934,136.11629944951477
15893802,31.61330174788558
14467709,47.728041584625274
17914146,146.2251017425253
12166146,138.81043103127953
11594770,18.11472583870877
11888391,30.720654880357625
19966675,34.29470685627459
17918574,144.4171167348969
16630436,46.480090961537925
12965906,31.78940260834188
19917515,64.40395832862114
12274315,65.83589091128934
16701146,101.77282884891207
18074033,14.407944989340809
11337017,66.14394030068549
10999566,122.49557174360967
18986390,82.63437830488988
18802617,162.87450232048232
11729165,39.919290124485556
17929599,196.1284712425746
14365744,98.19713986085439
19128201,93.27605426557456
12116349,22.144461130385423
18121420,143.85937275754276
16065679,112.36814285142624
10242244,201.57670869784914
16811918,63.92250675270569
14818166,40.826146875880426
11865234,174.89861673348454
12586756,113.48355917625098
18059709,96.71107594743592
13192669,19.131404659305122
16645534,40.76875172921892
16798826,130.9633478853758
15303833,46.735018405434325
16765426,62.505926691426644
18909493,120.52926308297519
10280257,145.0389766173268
15775471,25.68529546889789
15817418,187.92380684061905
13570952,98.69320563720967
16518267,221.32267894746943
14309378,89.05618413085597
16771018,164.75125330006384
10265844,207.37427974300405
10866924,75.11485674876826
18151671,132.3023699456673
14870382,12.928097471962147
16475143,31.639315237923746
15323218,149.344318714806
14917110,144.90344363948086
15399629,121.00562562375525
10251536,106.15186725063222
10068396,129.0719378139769
15791396,30.828913026751437
15072997,26.380436249518613
12323198,140.73957131161623
17700887,30.072287530223782
19407643,20.618389170521187
14033574,6.4928908301890145
12620966,102.57357854413564
11041500,80.96817650894566
18993769,44.22936953055945
16128896,141.78495900877707
10941600,35.9994297949596
18444706,20.902966196858262
18986921,8.151935979127021
11978134,133.17406992691224
17897028,44.166741006717594
12857174,159.36938272024253
11565892,148.76077763993308
10079137,47.51698687646299
16180408,72.4235448989583
16673593,46.177573967151
17119003,14.587431321600985
11976117,67.83416126272762
12817804,199.55126036471066
19081831,20.954975055652778
18095026,34.738139359745134
16729306,129.57852099201
13061333,108.36378093137085
19729140,193.88527198783677
15928744,45.979921272137524
16917034,25.39164427492785
12384726,23.02554880988435
19207712,115.63130126358405
12140316,221.23787515284198
13613817,63.17102444315502
14788249,155.9308693725148
10735159,144.01563617795685
14105081,20.629478244546924
17470279,69.46428390642778
15836080,169.78825081177212
18867457,162.75614669319165
10227552,46.007718460501636
11767579,216.01007622123393
11382604,4.361084123345407
15675194,167.50319673233128
15558386,19.218056355474864
16131760,95.68749624110109
11427185,201.93594855836963
10758572,30.422717964943203
12373545,101.86748487091847
14119028,136.54576384136993
15464961,93.82643435338954
10388266,52.21244056782634
13887001,76.70350454608663
18567630,121.83807193928368
10799580,9.82316198528953
15844244,59.87768224551982
10121024,187.89207793553328
16772615,50.904880122649395
15680934,33.01424415418899
15331150,138.35003946214619
11684109,76.08918127657049
16366436,4.863698374573528
18694030,192.79996466385091
16785631,131.31189103308878
11617467,27.117239687929107
16121256,186.35800992778155
10159698,53.46519464720838
18457526,125.64891118172551
15054452,127.1574361642314
19000838,183.7885672449393
14923338,72.43893045852025
14395577,14.584125091477082
14647747,52.82347947023019
10053023,109.3861231998883
18417736,118.89854270750502
15462287,171.7829362943946
19315987,101.24674548162935
16221860,18.99752415868008
16356363,19.04685076570558
16425653,167.98812576121432
19170181,97.71460346982315
19049578,8.085091648792659
10201123,52.447543285278286
19617776,156.16551740920215
10041318,19.45328328839466
19159010,56.267074761286025
16769607,207.20306714955066
10406833,79.53109472546323
14806449,7.358824582176837
12476950,188.19095380252045
13801821,53.365001989797314
13066498,157.53031800149853
10681639,67.85761203604015
13628657,184.14532155020882
16571030,37.05653268476724
10224780,4.854243463162536
14397689,26.656109451623855
15119665,7.854768333003284
16926563,87.80937215984127
11835252,96.59735545709773
14767434,35.14973972073515
12591152,109.16883483642981
11119175,163.5493097308868
15000109,38.94296014498231
13395260,48.85706507445343
13361345,6.126167191393812
18833583,40.53177368775546
17235113,134.17334091834357
17552591,127.88762989580269
14365826,29.681139117570652
12834952,210.37277221584452
12333421,171.94953711268144
12256111,158.2171752487585
11039948,26.02951443656412
10117815,171.12559284777606
15351545,48.15280132556226
15125074,65.53563013365407
14199182,74.64691048597817
18357402,44.51029167668775
17220466,109.76578317830592
16102997,193.37172399021674
10784322,208.09991438028908
16515805,11.5212986455574
18401432,73.1697272995488
17564541,147.53594591060778
13568528,10.327507808649099
10651496,111.25020339301409
15729439,59.44653629762623
13714424,148.33776687344488
17514764,139.30534127920598
13920685,75.56539058603884
15934377,99.20825229519586
10047325,97.54411324677852
14043610,15.070912891284916
15706744,167.06522478996158
14691174,84.89154131997437
11806334,45.27512634335559
10241519,23.542619298914865
14701930,107.70682404553851
14891076,193.41686481522837
10531396,69.5582067089669
16352651,27.62427090292661
15931302,87.74928890506004
19191395,29.99660180203343
16111547,24.118537453784707
11287337,187.13261002518178
17094041,101.28387815157305
12370784,50.925581622746456
18240810,170.19426506453183
19849872,42.12407072784281
10461308,20.801817370595543
11352685,20.712273525221704
12366903,137.99473695240056
16972480,97.08150719390372
17181524,127.49614043074703
16266919,10.295519477586234
15892437,76.91889280594934
13738193,103.63335862495073
13825848,27.91774142058015
12484482,162.60580134064605
16647725,97.98088866328591
10562381,21.897287025241337
13255858,92.06541973959993
13646799,17.146996995763324
18834201,74.45001205722123
11480876,80.9788523628635
13935110,26.138141139786683
15944181,136.80656082712
18272188,195.76117020208298
19912939,156.51082036748798
16053479,197.07113098025954
11719121,150.29703836055089
19045953,4.550652187704742
14206471,45.942684776310365
16287414,162.23055375635974
17777188,162.52752707894956
15325109,92.23141717602826
10980041,72.94435720394748
17701747,57.01690760779506
19532190,57.574628152109966
19066888,92.04417038245113
14771702,133.63822844902384
11985090,8.159019060522237
10488201,10.923087996902456
13870294,29.376806760412816
18972977,10.913034741824834
15154342,30.213729547399733
17946518,179.0128149145008
12768264,110.24653618483163
16408324,8.350195541670075
18545960,191.28523417497397
19544033,121.58367856578312
13065158,95.63500479316357
14088332,134.70998556066274
15425530,54.132892973465566
10039189,102.2721400564081
13755382,218.33535855677462
14435543,63.062059926534275
12475002,91.92812991115382
16175343,204.70510389491017
10537052,20.1195973909437
16928647,10.97236731626208
12641918,5.0838959904966625
15503569,125.15027102494969
13771824,108.77126530968803
15424154,120.27886880501559
19023270,4.935249297421432
12179387,113.82910466131688
14155558,147.4103279737294
11604006,147.9569728923931
10814313,160.9136587892783
15593888,51.6733209731457
15530497,133.46110082982716
18383050,160.94652761580787
13087659,28.0850031947305
15905404,42.89435806923879
15238405,130.87452352772414
16870818,50.74836516237569
13335632,172.22302401495398
10984938,186.5804998613692
14012808,144.90827592886336
15275311,15.01392779790805
14899436,119.85413397550612
15602974,199.08053711677664
13741521,191.66765935959558
10797742,68.51315002049584
16408479,6.24933766700672
16143118,18.295597827352587
16009926,62.72263087828477
12071382,14.414985612001026
16566986,198.4666821370382
19184527,57.16504366527302
18115792,34.755569944095804
12770387,111.77837111782262
16915381,79.09134621371538
15019351,26.31037816743966
14556630,113.63972736667014
19246060,57.46528175730829
15869217,122.81142548791132
14876319,16.11198642076516
16521616,171.65647592894186
15695294,20.5456507149597
17472077,38.07896320904268
18682151,31.7503779517305
18657112,36.8893375744664
14296711,62.50783935836996
14273029,116.84010106043553
12493640,43.55376868588276
10043979,90.26618176275586
10018305,5.393117095549339
11844111,51.69078195491434
19477660,65.60031697613815
15831321,142.82230818138672
19235693,5.1849104379227615
10935124,35.20346384735892
18209611,52.181558345325016
18252820,19.99582734020796
17367800,60.02403168397491
18852038,75.6548118926355
11566584,114.48632826864235
13811744,185.11198141268713
19874426,7.770697736542573
11909827,52.4848477103719
12338147,77.21233266251815
11502386,118.82796247398197
13992137,145.8607537292977
13043596,25.210555186798995
17941428,70.13221047986433
12374371,128.6342190734775
14156465,38.7461966580674
13082443,36.60174540377876
10781632,125.59210238733526
12405425,15.59501096859979
14567014,14.757529921322831
15343030,74.87916035739632
11540058,141.22292519147692
11813226,6.924478663982
10660887,58.12404812877584
11547850,169.87319204890412
11761828,198.34167137958357
11477614,30.392683815056888
16437264,38.08367005179723
11734804,22.329172995839418
17823688,30.7419523217554
12725723,82.59603121048829
17662178,113.00755427442927
15252606,118.39235030618319
11847975,111.26411713301876
10374360,175.2378984621412
12014624,110.73970097048104
17632939,15.958848788769657
10259605,23.138074378545483
10939512,200.25506348964072
10199130,99.06081029694596
18580982,26.83282609005125
10757805,5.1660074854656095
14500931,49.78250678163325
11564427,169.80438315944662
18652422,109.88089795205443
17884946,13.315106657903128
19367182,108.89154873990631
10699201,55.61338044810534
12478835,30.883197131785465
19098320,87.72779382130629
17127278,25.657073258371447
19212878,95.03214914032151
14105244,62.61725694606993
10442557,6.758277222485067
12451704,208.51830426065385
13588822,11.583159693853874
18357633,213.78261400782782
12136065,33.6853362465024
15510441,150.33594174685553
19035293,168.90749595202004
12184877,122.60894317518702
19111689,26.944533697023477
12014300,119.8547905982238
10654497,119.88242709856749
14522123,172.68122770386952
18830129,15.011308949483759
10061627,11.777758750883232
17557348,166.26029266815854
14449674,182.11288832152695
19633902,84.44806604786235
15007836,34.985773935028334
16500737,137.21838959668958
17943492,118.26674861137548
17307095,136.0454663296546
18347688,8.20504107548611
14677919,179.4312279042481
16761962,158.7925620485217
11245535,56.06037167684105
19517363,158.9828250397261
11557134,119.22528532977321
19926427,97.18645932057024
10559626,13.312493433573415
12269522,21.041220398216836
13607724,188.90300847554576
13871231,18.239420002423834
16104833,45.442047562106005
19443080,143.27766157682836
12787102,104.09301552269532
18560987,161.99837339487587
18612405,5.285413844840362
19929360,122.8503072752229
18708175,175.24515207092443
11436572,48.889707337460955
17964837,172.0461678650682
18419219,49.92317158230321
18228062,11.757753783379599
16323950,20.48336712543506
10231717,46.35690586069262
17351708,172.16597605545124
16045051,95.01090069504158
13044803,25.633407762991794
17573094,78.48436632137049
16456283,12.195526911296447
12849819,171.95632355811185
16490266,194.57611391632838
17966486,81.86325628624641
14849801,35.68208200063442
13633470,167.64414387898287
12051724,174.59331062406503
13390777,160.45990062274413
16323163,40.375048032472435
15747020,56.58139315704817
11015052,34.62182862251645
12669956,112.84832998853281
11429199,197.76469477605823
18576735,23.296352465266928
11301572,13.243983458087143
19441232,86.73772428445639
13101491,116.2482650595526
12240246,5.503750638780277
10831200,23.586948485226433
17326367,7.318078998312664
17150251,47.95858570373897
11113500,13.134236561422327
14250379,192.30786924123007
13362434,66.00522027916018
11590119,174.2780261595291
16720944,21.57554453431433
12725801,10.419714837040736
14932910,21.590483739522092
13877263,30.400854203834747
12683983,31.26286255917112
14164987,176.2005237329678
15278502,111.28354625915163
15334997,121.4313422664961
17484343,151.93944753074268
17071307,167.52925326540668
16084237,54.03477357381069
11019387,172.0735837053299
17635362,221.15569902726662
18271283,163.2399888656758
11917982,67.04694515581356
12016709,199.4171824440738
19576866,20.136498545357977
11194130,179.7497216965583
14414496,47.9036716610574
18715496,15.82389091898554
15716761,28.52061333567024
19608093,53.43069113756387
16405593,98.88397346521849
10988521,191.1408281793858
15948470,21.114869976092997
17117573,115.0496826872622
11969058,34.635478961068124
13266927,29.93651165072114
17364987,78.93608107208014
14897353,71.69710189487185
19298349,193.14679949160958
10554747,66.41620594268602
16697958,11.354975258459826
13147627,64.80698879688043
12383652,125.09114535891241
17671943,87.0754063488338
10234951,177.64743982325257
13277808,83.69542078895584
14065836,9.74566721326231
19031522,66.0809185438414
12806997,165.6141501472179
11022378,24.805941734893583
18385028,116.47291596734962
14344420,26.84201173004897
11099585,48.31419556427999
11692750,22.61048429404789
18011722,83.43456438680862
10142566,165.19845802267153
12242593,111.25668569502528
14215771,6.204159199581319
18834955,188.5021709042999
12882823,105.42467779495223
15976902,38.75160287957302
15701030,7.856624546976091
15901851,120.28285171302298
16333757,94.748430102099
11222613,11.961900361663876
17479420,10.630896658366048
13315933,199.01946926025738
14582681,160.67818845780292
16232426,177.29806906170495
14269819,13.327828641387965
18594452,98.83092131128998
15840377,84.30358188087115
14507249,30.259054014243215
11968334,46.49384543612515
10561982,145.37372703331852
12088858,58.94952038806255
12601969,176.60614122131477
13087084,168.42080131037824
17446692,105.9059326292634
14611732,107.44655668693825
19929743,87.11743327248959
12982023,142.43192158449423
10574846,12.601905580975426
14350099,100.39226120986301
14381201,196.8578385343594
11255898,118.26259298144252
14686511,173.2082433176644
18097245,30.442872212859257
13867407,113.06662039206458
11085102,85.38577898947582
16014802,137.51197296916655
10788929,168.9140019317179
19917566,55.819398610405564
17728423,132.7305554661721
13172849,75.84717668050264
18206117,105.00545011471792
12116666,204.4125294489096
15172401,134.14826311847307
12466516,155.22727288985521
14775158,50.05796166130758
17996502,13.98759784216877
18359791,14.799177607071474
13417310,22.44898194552991
18057763,155.23606717339078
16818429,27.549071930062937
10925383,28.65566330499254
17438241,179.11297666116235
10199610,58.645511686497656
12366148,17.356480996497506
12354924,67.01040525123744
12965936,8.69325803194863
12817309,63.10274871822722
17521745,133.84843123375808
10181065,121.40095117755699
13654804,40.89673954787194
15168455,134.24403349783404
14176654,79.72347159449512
10467074,201.0869496852439
17487188,155.3326885421597
14510596,193.85641870950528
11122624,160.41296554884482
19955129,160.32829171240576
15526188,13.248283297304924
15103183,59.87225603292585
17688328,20.068003138101684
17739883,138.8903993291005
11372824,175.3819420277781
16555457,153.46972017295494
11367314,162.72376796476505
14794863,10.082916605986549
10886709,101.37855869498458
10143089,6.299082337779705
17926631,107.35560677486488
17004303,144.9148250502132
10387714,105.3565297150883
18331439,25.61406055752742
18790504,149.29326470635317
15273699,123.24183537491311
11390260,19.342180057663956
19999086,42.13127222175871
17345039,122.2982718308505
18478250,31.042727536175086
19267304,35.65263021333759
15600179,182.37898491874918
18198050,21.378064814305674
17296410,68.2744945683621
15518016,53.77345324275014
19649047,90.65244202772281
16543055,181.00739979319803
18353709,46.91492846830038
19830011,30.375660883283643
11953032,88.64659422634456
15335118,212.47069255908664
10823777,60.60735878751705
12607460,15.768833530586583
18741499,84.71663629966787
18319225,53.365386393092535
11895922,41.013987283336064
16116547,66.96691331174004
12075809,148.01307058258865
12847212,18.71594978380771
12446714,19.67998322724927
12209671,24.832584667253098
17876911,20.326019356801527
18738475,192.11056047246308
13564712,17.352810284174257
17404782,89.55420559129546
13262589,210.7089419698123
16834972,25.099426506759315
16977964,171.55142461062815
12011289,26.442011253482786
14214214,10.839579867931018
14289807,178.47651371194678
17823841,144.6342700092625
17624255,17.024526206222532
16030251,62.204852578569806
16609098,133.4376552083921
16384252,76.11713830800011
10687000,159.7380440728717
18468299,192.58479717597655
14754307,57.76721989432089
10363700,218.94548621805177
12796349,127.74211419511448
13368313,11.05260882079354
11530218,36.86691283965213
19928569,72.41389243382679
15887550,88.48595638467945
12854895,30.566413097003224
14785428,34.16670320037773
11596788,31.21550885119955
14193376,50.7054114800652
17046325,167.3640654991589
13460127,135.8425311353822
19026556,134.1009171375135
10763803,86.85495352375324
19714526,129.93367473780114
15991712,22.103490116653685
15327195,162.4299169997739
16684429,77.01645935395507
15680979,45.9701799173375
19398606,31.744759360574022
15785718,156.23808139514173
19250593,12.917910792298375
15286971,21.46106671191787
10926498,186.62713260527326
10437871,151.55383571941223
17282192,60.41119772894167
15606411,212.5285383521779
13523445,176.82352199955986
19295195,52.98866989423637
17403075,49.18990514482507
15673884,94.53918174599023
14260901,158.34676592269201
13156882,159.48597295525278
13818456,50.5464848261468
11580094,82.95703634603882
11264158,94.38044000638548
19334604,47.90025513766696
12492743,154.05734019872557
12302947,83.06860015144977
10162019,29.11539511935634
11497178,157.2860068976899
15033895,145.98883690674373
17110501,195.71181759350418
10494313,78.06223356021754
13560718,71.04237119556528
14710937,15.15224840159798
18224812,26.540560463479117
18360780,75.54236393268401
10263593,7.858558149777522
14558438,100.58211947044875
17064853,19.628779098066218
14608298,4.691731141406494
14928332,80.4881756511268
16347757,17.589904221335548
14273223,53.88424656073177
13967751,204.10281877030678
15152578,6.707544232207658
15336635,41.89543226163252
13989217,18.6748764515432
15138479,88.23846226421247
13368237,93.15591235721656
19668956,38.25684335095743
14761809,84.52966376619887
16711357,22.795110228738103
17847428,221.60018931668833
18172386,106.73651203789365
17932828,13.133195859699375
11022237,110.77208061353967
18799994,22.629921178562192
19604604,111.88448583311566
12372384,57.61233574810449
14870937,97.94743045494373
15114833,134.34076805700082
19061466,99.93173526112942
13554130,140.7023627644101
12626916,40.34650018425187
18920588,160.16303268925873
17888854,199.25543074112008
15483091,171.6876224049456
17386233,159.07117748059449
12751108,27.321960929837655
17334990,30.750109482378353
17949654,75.64030995792567
16250058,33.50601079978894
13876122,133.2932614680027
17477715,49.347222681805945
13504699,110.0568194196676
18625017,124.53084400137939
18325453,80.82442858820549
17382240,159.56265578121094
16254852,145.8365106412599
16330345,74.6027285428205
11986086,104.88695859784578
15137480,72.91895850187551
10679574,153.36810558695262
18330457,101.60213024728539
16647489,86.75248487338513
16000348,78.31528781524212
14132117,53.3974462416151
11403094,107.16610836726294
10067859,199.6455542101126
11592559,175.20735259181487
11706516,19.35518733728581
15050012,33.72058042468174
15598877,24.24821219052278
14972495,120.01315974605933
10600476,29.665129431866788
14666892,7.2386401982178175
15143739,212.8474644302995
16773888,85.47423147857849
19606867,21.269543701661526
17152515,94.82714670456984
13667533,83.9426784156308
16869558,34.590328347931084
12668224,14.608602012146388
12556165,70.83971556445589
15980106,78.75700706197024
16725651,13.46783525343702
11006555,48.476563125891275
17070353,18.752503287575415
16495512,195.7800424943806
10953410,4.85650401060826
12660464,116.57222857723382
16292172,109.96489963197392
13070578,32.96775399541772
18212961,86.46315132324158
10581265,15.800632479830597
14699748,174.33478329079614
15809434,68.55521488514349
14896640,35.25049650584056
15568358,102.40591148806004
16452980,183.6723923463256
16198416,198.17769468867994
13297449,32.085989551317134
18328111,107.0686667401271
15582159,58.46874679430255
11458777,104.80957196226751
11034081,22.532520141479033
15425156,43.23702398995194
15385293,145.05906008495162
12416246,112.0936054054873
18758816,56.325922080785794
13609739,109.66221875056205
17153443,33.247531911580346
16540682,4.8164488174202384
12836071,155.07979123713193
12370982,216.27310401649768
15933821,65.86383140444194
13404165,15.060103860112768
15768703,7.2706924897789555
13522792,108.82543693599212
15600012,216.43206444535767
14839368,78.53601507494413
16863805,125.3840373205199
14874470,5.986422668089971
18230784,76.15934392979277
13709683,73.63540908678203
14447222,4.109710347983131
11560557,15.258950915980787
19385688,65.00773662764732
19087162,182.3472520077077
19326195,96.80333522910229
13854199,198.97486497388184
14478823,92.75315699736244
13595349,7.020930711570575
18203533,206.72711829992753
11483730,137.0703607832318
13364765,205.87254226573336
10088727,23.23751206089477
10083493,52.10789386257902
11229506,188.01202678764272
12275039,7.360254234977155
12281127,144.45715568289276
15485262,11.427918456656467
15769427,129.9193071517432
16778352,53.89876178514683
12553617,142.2335820129482
13282360,86.94411659667647
10252570,47.00041369080245
19721849,27.435520915859485
11025560,68.57698506630403
16938655,69.46850130922297
10107692,72.08867205840544
15140300,11.315800463525456
11545356,48.82093299520665
17668463,154.3988254240752
14106644,205.57213948702295
18523193,11.686597041741354
13719627,100.65278761468097
19524165,156.0549025431635
18450512,38.24502346512167
14186239,24.320248672454248
12870966,93.15883089554434
13168765,167.38000454061816
13690001,119.62130912988187
17210344,6.064808538791818
10886594,95.91062062252404
17424396,102.11014028193861
13473706,95.80006561360956
14139296,10.473927273060061
16026910,149.37136256135003
10746319,194.081316753195
11871729,6.565416296140413
17072398,74.12422786069764
15591904,159.49481020737645
13080839,95.45411913628475
11970819,187.19485118783064
15032342,150.44385754594717
15540014,14.941633335677652
12529768,127.71551495873643
18649330,26.62676198760065
11374989,117.24175795568402
12130884,150.60550526994876
13474809,93.91465844389367
11000028,134.34811718520382
11400717,32.60910204001283
15577578,112.35980054765074
12091387,177.49172788967996
18335920,110.03087133391598
17022075,21.814003434029082
13403096,109.47858182072295
14262429,196.6276965073594
14319968,156.65919612695924
10018244,61.68025729182229
12781738,72.30119209387131
19809825,89.96082789589123
18368131,50.767649411082544
10028049,55.37354712399084
15927085,138.32780546782578
12994937,121.18205492048564
17702743,124.89345657946915
12144507,58.83438835432189
15192349,69.27950044125852
19708157,170.90135907244115
13191605,17.777579517119957
15031392,150.49925356205813
16756755,123.40252111450035
16037729,122.82827194692092
14534591,36.80420827609962
16636401,48.62810594548582
12891883,21.31258922667936
17347005,66.7965824815401
17034076,47.417506109485366
15707190,170.0272126231472
17302103,10.286739191522951
13076521,119.38751006985252
13614753,66.84303370902983
11917559,175.7775193189553
15643866,107.99413162090379
11562178,41.63501438705696
11106719,66.88243414699961
15909353,123.1859145554068
14866208,105.88588923813822
11597377,164.91647188796463
15274716,189.05795368144572
17326579,60.53662271463974
17552338,84.2310415006994
19181116,69.0752749978245
13041261,48.860165342953756
18669158,78.62395223678637
13690968,43.54141388396513
18864985,13.369803490575102
19916629,130.51734069907954
13494256,161.76275276895942
16401041,31.512836451518005
17338539,144.87287470251113
12976318,144.48630611210717
13862441,124.5358659909377
15744897,207.15843732783512
15502888,19.514974434300694
18764895,12.343995682976528
14575443,15.836744552993004
19521409,25.247950571303235
18734065,99.14029932952715
10580116,91.63410361164215
10741750,184.35779853629273
15425554,38.48519023698628
18288472,127.89361029914488
16111354,19.085331701158182
14488616,49.59147013145853
11785699,16.750770659670433
10837809,122.13028251268021
14536728,6.7993135478809394
17625048,193.04609959877106
19444111,19.826548056679698
19897784,107.19541302112901
13844905,200.9989595849143
14799807,13.147165768350382
11300933,99.03243334014276
17714542,156.45855737192582
17540371,57.52697358264896
11466227,119.7468892515522
19458350,181.09401633719105
10350524,139.7727472056391
11829660,91.89850755211863
17415559,183.2624104396659
18095209,171.81800241934954
18389662,36.63067848840959
18975061,66.71171759437871
19151004,53.472348363341105
16318598,91.92509851195557
14532664,63.86639954916373
19866745,177.3197566441544
13763873,180.21859702197494
17002036,94.34323376949699
10904484,23.98304027538965
18592462,48.0493364797378
15263095,106.78973037505726
16088961,54.675968513875524
18213523,177.04161124214343
12492789,22.135953824160644
18244985,178.9707654333385
18898139,41.46066687727704
10485469,188.53409103148377
19391669,7.150415274962446
18885482,53.34163727445901
11617781,30.04074260736855
16091848,130.03851198728492
14906539,160.6924921104545
17167492,43.43935232730346
19314419,45.88267635545142
18108835,166.4142320728007
15026717,82.61199700391394
11672096,154.06219542933664
11198377,30.352518770006956
15157306,28.636565795263728
19332658,124.72392192348784
19818377,167.31169494993108
11444699,57.276785581501954
17490627,35.54156711134238
14838024,171.20946349918063
19700305,27.51701563366663
12587971,196.3254774255267
16754561,110.09161005221154
11644663,21.935020020418435
13725682,153.46060126362778
14338281,105.15254618992661
12936049,136.17349675474483
10137587,130.45796593172324
15623286,154.63274671967167
14250390,149.37192581886447
12659452,61.36640002651363
12851776,153.07629799702886
13016776,128.84684158024666
18513891,163.6221125204833
11673300,13.244023414590984
16888296,153.49147618326077
19820276,24.118861541942216
16630259,89.01536388489619
16228731,12.643390784877003
13975512,197.0692655376958
15201066,41.24011863531694
15506845,48.15933118826876
13215599,100.5973046677868
18047962,13.919771628264083
16863302,45.119360542818384
17327058,102.39679241302687
19437988,94.47251573368717
12463073,64.44429488319658
16878529,97.74925236226188
10986664,172.41133407703688
12592190,23.912498127647034
13837465,42.41342504151331
17360894,195.63026644042296
12281497,119.52297675988447
15894547,103.33882389753357
17434461,216.83743054581083
12459186,128.36523643401938
19217037,148.48503581860473
18407550,174.32837531622388
18798142,16.498579723225493
17356135,124.27017489780067
11137896,51.870787361828
14450070,4.896405414353248
19936740,25.83274401286594
15035775,23.037223867496508
11255341,171.94758879498002
16030587,27.860639183420982
18999907,20.578143675692804
10847453,163.51335688300225
14717693,20.73054209971738
14424004,102.10601054104873
11691529,208.8721704529646
13145104,209.5864360004309
17239311,106.48855061303054
18890342,96.47599055693081
15190273,155.61768954070598
13420481,149.9547742942383
18218453,87.41612058798303
10365097,21.263510177487156
10492516,46.3941898224431
11346670,16.785607137879023
11385369,19.472182729411237
10860261,11.875080733275524
13547603,17.499350987406007
13215072,18.316955952363926
14990535,169.89228773496293
19558300,49.93152436396762
13386883,13.227456840597943
11985458,168.16519207280706
14187841,72.06805054935866
14799183,55.88587482988078
11930345,167.1988443884997
12895547,138.76867836720086
11677554,150.0008970950967
11751495,66.65781864479449
18973839,64.25118283999194
12832561,10.38914616412302
17568795,178.4622548099314
16674329,142.19252055633382
12489895,109.4387031944978
10613630,33.326388359743085
16075398,89.04326101382799
19083881,28.79536655493639
16909168,82.89822288421018
15924483,142.73696048654486
16028570,86.55888867915718
19489756,27.524735017999408
15870890,178.30372626044235
11758182,4.9495823074091225
18559105,166.25717530716162
16581433,63.910485702092444
12156953,65.89619345180957
14824646,63.02263107578834
18339409,192.05902873446033
17051391,18.41297449555783
16571009,131.33063902837137
11153847,182.05579708144236
14311584,10.37736401376743
10072976,177.724188678071
17341291,16.444230024560316
10309291,48.14678179143764
12596923,150.98071892425045
13224828,17.032079942606277
19397286,98.17410502121702
13881710,97.84612760502124
15760787,136.08028043632174
11473245,27.173670989991596
16716551,116.3912772209188
14306958,36.92302655417863
16577673,110.1538271982928
16800770,14.62098642187067
11609353,117.68763617083133
16994274,10.241555091018295
13137999,5.3652104000023755
16781885,138.48034728549706
18727348,152.76816412271052
19653903,178.95590973565515
14938136,78.86562431877314
10964398,64.10089227725804
10512468,59.845665321593806
19170352,13.624270385615077
13228796,157.18247006587399
17841776,185.51259064257164
10923384,40.305128149001945
18966686,129.2565245277635
15521491,10.510138909714065
13345779,30.625904441150837
17201432,116.37117567206357
16952972,105.05164080226066
15412272,9.921591708082094
18545619,47.82438670505563
15532079,93.51348060305094
14194039,102.59557703263319
11778430,87.64453316911548
17496393,114.86642602633196
10570131,35.24801342964754
19965344,16.9372679648405
14477570,92.79273818830835
15386312,191.20995172959687
14830607,122.17919523062962
12591250,10.044651821258434
15599270,219.0204942828724
17990990,146.98625853868876
12339392,97.67766166636578
16886392,221.291420787473
18858634,56.167030930068876
10439964,168.07399561080152
14725194,42.77062953665766
18786778,127.3260965153681
19682415,106.4398006041172
17674330,28.10415815574461
11832495,92.25836559648681
10735054,4.608224996563196
15438943,14.543758339080048
15440405,186.02701794534812
15419356,212.00438268611043
11335374,32.12928026054814
11217409,93.9727215942184
13725013,71.19528220651809
14695026,135.12089111870588
14084118,14.180477470536841
16244343,111.10266306033934
18821785,90.31797855732391
14353562,67.96826644503939
10128705,114.80875050486979
15247102,210.46420701372637
10690925,33.308490086317576
10921011,17.164937616961982
10283089,67.2191638602886
19108474,52.651742499261836
10473042,103.34448324175324
12735435,198.30712812126714
12571479,107.94286011708115
19738383,4.90370016574641
18573828,30.219419713523788
14026831,76.39251185451162
18616446,10.531416710611726
19971278,58.82320822636416
13799464,212.11480224347247
13834701,4.9293161405555095
11004182,59.547381622909995
14561375,40.96826617843401
15379395,146.03671739255913
18086810,189.90695339913765
10692785,63.27097089799149
13366422,90.01507076863163
15731797,154.44419168491618
18262263,75.48644305201313
13189650,124.2668069210403
15537466,155.3275368893526
17082791,148.8232058534625
12132331,23.98475734169327
15534077,114.61745238452727
12472308,32.842345401153445
10877907,79.48213569632573
16078624,48.551307822391976
10604757,197.28511067349532
14120233,208.8304864226822
16006697,14.240941001145032
14604733,219.02310637109179
18721040,65.28777397028682
18282658,54.418604131337425
19954248,74.70409290656708
14641755,51.15564197562794
18728608,83.24676451258689
13061066,17.031586737577044
10264634,49.67377209238315
18010312,28.906336248488316
10028780,77.17528160946597
19870086,36.22135576987986
10216564,23.593015655258785
10157076,34.2635870070216
19260136,171.53207144373403
16972419,14.497593718564898
15068217,41.51131068138744
18128873,44.14103661498038
18973201,163.88004670016096
17338250,6.791917091666821
19222811,133.0983033581582
10359693,112.89787374917529
12212390,86.85047159742253
17654143,79.28098667291916
17926715,166.2749010902657
18833152,22.577463162114185
12061497,43.931128836638436
18993256,59.98359032084066
15798343,45.399365517507235
13023498,114.58232913577478
16447284,34.32893740271199
13195956,105.5255333477722
11800713,4.8643149901168234
11453596,45.74653600073299
18789452,41.59376071913185
10539993,35.710177649434485
10331021,24.602830701465003
13612977,50.655592967158405
14950017,159.36851472315087
15955077,190.50359709441764
19807300,91.89069502713103
15786512,18.810220532897223
19826586,159.85086582239242
12492198,31.471390254517978
15929303,51.98924299708593
19015743,86.18653507072102
19999647,156.96363076344247
17464299,48.54398890281578
19716102,100.01685285527645
15539064,115.87161954598287
13944797,198.14366175493362
13435615,135.554540244959
15744627,165.62640099501974
12765990,41.005206342672906
13582178,187.939371293026
17007545,103.29818631392357
10399838,59.05033146375447
15006457,125.54734628452421
10679568,86.90109692939895
15534088,103.75289404395458
12946627,74.59475177686112
13816658,112.2781399513663
10146798,50.741603123653206
19473874,154.58093673450995
18468491,6.08238375334835
14245374,128.70400197513405
19613531,201.4190620151534
18001704,83.65546914209483
16279613,136.51246995368487
16798190,48.391482462967275
10256991,33.297042241545846
18830467,48.66164068536112
12429676,98.5405281338892
10110611,17.027885577298076
14206207,133.57695893364217
13770697,45.669992100962105
17876281,79.12702264177473
15662247,100.43177701102192
13514429,24.539626455022
17175966,26.550666530742284
19508477,35.86490074485806
16393413,97.97683396917866
17757241,93.66258630423349
13226857,45.83444075925634
15380542,29.77168191971221
14143316,102.79623438690962
11772472,69.03684639189022
12165950,76.96616315351105
12418381,192.02602582530685
19212210,194.22203243986098
15278532,53.40726030944929
10614397,126.49651681164366
13019170,25.185281387806473
10838973,127.9422820816232
10798827,153.0041980618359
11467410,200.0630254345059
13209388,167.01297184957457
11152314,66.51267253634802
14282992,101.22359133901847
19851050,14.594629130980264
17380204,23.966515392979336
17004999,104.90000179549133
15051033,17.867861925069136
14135687,132.8776942933856
12598637,171.24103662231033
10320322,33.1112928523154
16044930,137.99056414968112
19441309,24.315054680998873
11992881,183.76494394429017
16545953,103.32796814704244
13611443,106.8620287382207
15190143,10.532805466195747
13823902,29.85166821616798
11051208,106.520572275634
11449060,190.33575135417613
10430500,17.39954638333427
15327142,7.544436054835641
16797205,46.67522784038387
18580687,16.32248053134384
17654776,92.49855136375965
14265144,158.21489227545814
16685296,55.585224210474784
13177714,190.23091219192528
17081240,125.86354542349359
14425719,98.44604053739216
12829800,111.72554249932847
13517596,15.658437964735345
11527659,87.18323806825956
12918539,64.13546759080934
14361662,22.053119577966317
14865790,172.74737667918626
11185950,211.82470157656218
11437286,169.06270792970483
15068840,105.83967296369029
19281514,110.90564109057195
18731446,93.95333643304863
16561650,148.46949936617145
15442775,22.929279376340265
19072275,168.78296135763546
15853624,90.38604283937137
13370901,42.33910568958583
13695578,77.09694954041706
18495187,77.56328850655534
10072811,9.576158806623125
13795687,145.997932661074
16205668,48.1480239192339
18327253,50.09584481534064
17452289,13.3708424885282
12305352,189.47028807375239
17930828,22.63008149216694
10742434,13.066732071856755
13019750,102.98770940419614
17005346,22.095349687499994
14232180,89.89795051736634
10155474,174.60812355902135
14262321,114.34547560091413
18283695,142.5938654304192
15338507,14.051265532943695
19773706,54.81987795294752
15869354,65.76652113798507
19147723,62.76517139630568
17267779,194.30023286196487
17120460,133.55030061616995
11337442,127.62464247769336
13290021,136.21422510446547
18311837,44.11782378007055
11160152,150.92799284262796
14472159,85.6600363125097
16043164,12.596257119921342
14254415,180.7390954827426
19302532,102.01705634985267
16311850,30.657967209277516
19190374,27.40492511079148
13585639,24.969000975567848
10680542,186.07917172607137
17727250,35.75127113510321
10093132,94.96133278141464
19981385,75.15522260016549
16151290,54.45722621915034
14093741,71.97345125293691
14419247,67.81719210068428
10892729,76.10545853445642
13532628,12.089609749228526
14177765,112.16691891800055
11001220,13.695105603674714
17448185,15.731040681677946
13379110,81.5373865133588
16852339,176.32900512549577
16933823,107.88921058586752
18471125,48.34561891981304
16614077,176.55302911052127
18502026,204.38581647688451
11326028,63.361125425688456
13652855,25.07218723526019
17289141,100.00989510834864
10848574,42.33068313971991
18422455,28.070915193479266
17261510,10.604719566280139
14862392,164.7611875066436
15837100,95.98590852776293
15217189,28.699475657221758
15020614,185.16039987061282
14036783,148.51144248869676
19430994,81.33452006670846
13827208,65.49640214200107
18881969,30.1566092471023
15092128,152.79680238745118
19816151,9.712120072400406
19289749,86.84276095635397
14632707,125.27890352851104
13572891,21.185143342219508
14907931,16.2293991353268
18551283,166.4854708070368
12419219,13.653100523238436
16268386,7.990023321796549
12895751,165.25365725335703
14205582,85.06479023957401
19804174,72.89228994121194
15621084,32.12850353628823
14230580,54.765183042165404
16785355,209.4310461941878
18780935,67.95084307253734
16059383,138.3431381620615
10483224,162.37172269444991
14767857,52.86627489467408
14951216,81.29854057426174
14989845,56.443242697159725
19783354,170.14642860748907
18517438,80.33723835790511
16403093,150.95946917567883
18571705,20.43472970628997
17637168,22.015593612589253
11247583,7.925998331118711
15401439,139.17875282087417
12646743,25.989728550962063
13207490,183.02181718657744
14129099,170.07047720705316
12382002,222.48657220881475
15036615,113.29675230340526
13826942,7.260292687059028
17703398,87.38019590016611
12264117,161.52264533364664
11179649,120.11152275181016
17634084,167.35686581102067
18957677,64.00907545690333
19006714,32.59806555353739
18368929,54.13096013381008
18747415,21.293194688430425
13547937,132.86035248783926
11056688,24.053641278541463
13566849,135.48878069904455
19374616,168.30103232209927
10495621,9.57220899694926
14242095,59.58797466310786
17107172,25.695427669320644
10582652,5.015510083500767
12522065,40.8621318842091
13777657,158.3422376727771
12247180,126.85469802833197
14425494,8.464708755711735
11499025,192.73337589265216
14959313,6.302967272765454
17091027,186.05592119399356
11134212,54.78275244195196
12788936,137.70419245822382
10059915,53.0552766724993
12130072,7.003455169799311
18229097,42.669405611982114
13408614,144.48451545512077
16631219,95.04540898493025
14924017,37.629761725442904
15511677,15.177750710128294
12499028,68.5099966147494
11165210,100.19645114471669
11037174,16.52248553996642
13080362,182.29679374539649
14400570,153.2514975822673
15492973,192.82768306028214
16177154,25.165403221025517
15848696,167.55147337189462
19959990,88.15631076720555
14111027,102.55680808740024
14141100,58.40804272954922
19951807,108.01956009422173
18372001,14.39182372243007
17859254,170.69888508204707
13383665,155.83434828729082
18535673,98.42870223482988
10814160,155.12802231215846
13124716,26.834725783827448
10908938,160.77579065524426
15666388,74.64170831090108
18764570,19.934981224224703
12548450,14.089538051780806
10568406,65.66081339452133
15697554,33.79033394494003
17964265,38.02320029453449
13574880,34.23569401168632
16746512,102.93865661384153
14157184,36.334138393192305
13263146,4.421972835175471
15701624,206.280816154155
17238286,158.19629306559642
15801734,74.0229441155171
12054695,55.824000652107564
14023847,25.90479564545757
11585443,108.59654201830462
11485875,30.2541271064573
12986502,133.9966310385669
11424977,136.99124507345368
19945874,134.2201016054381
19099859,190.8399532711876
19991959,129.23381830266283
17831754,115.75100469538037
12751168,96.4142617699747
17350386,71.26098524028532
13616455,183.4648212190648
17863290,5.453031316006568
15798675,44.48169162001378
13885247,130.94167208526835
18972763,26.060895550318072
16156252,94.82221316384543
12201712,105.80152340778572
13822725,85.62150917160773
15673228,223.4868190518779
19774028,157.91651450104112
12951251,7.266976896053526
10752745,6.625611717833471
17298482,66.69650904193914
18046507,191.58788433285716
19789885,69.67247256650413
13000210,130.3374266401345
13839245,4.986502560409846
13123907,21.784882568518988
12925470,36.53905881817798
16218520,107.65285812398271
16445981,55.00018949727059
13952760,179.75759817944777
13004804,66.61490783837773
11850270,62.76376286204173
19198527,22.1767466989536
13004444,162.65344800314352
11119002,105.90761302105143
13072974,123.47295177157032
18446454,209.64945473135117
17409758,18.221864672563612
14107597,34.37593019309436
11715913,36.417672954736396
17867595,81.2294021560937
17929740,21.49883559841804
13794336,14.332903295645218
12591264,32.89824880369185
17018288,22.924388585600674
15941545,64.35359995959169
17542901,11.751286464451017
13345114,51.42297234333716
19047835,68.89601494292661
11132230,34.892362178551764
19854360,161.49077963727234
10012654,138.15002186261773
16568926,18.237341722266063
10903059,147.81147968173025
10261696,87.11796100878945
15152766,194.1516474613428
12738058,81.55161825968452
11700532,72.20962605883845
13484525,109.682414774466
10235459,4.216569221145849
16453316,26.919649283757582
13225298,6.6646812138713845
11593363,190.16732064460697
13902591,169.0362549981724
14406213,98.17605078640004
13940888,40.66817594392732
11251821,36.74834555292744
10413865,113.49696675612844
18765437,33.849525768632276
15842647,111.16057942296382
13578793,106.96332215724584
14381611,10.389958644807638
12961530,150.82816913298223
10251049,122.5249242101943
17051472,54.02080911832357
15699777,16.34461769261207
13927582,26.804534124546645
16380283,165.09193616841193
18287270,107.56788025920451
19399710,167.37384156700122
11890833,224.23072967065445
10655307,121.82188633540014
12531065,58.62221146992622
11867128,154.5893815413933
19836227,63.03564782023683
17005835,33.454375382093765
12401292,56.070894518788165
14856586,206.78385409548886
19822063,43.03512119097424
12527739,41.78291765942594
17847322,44.25472000510642
19269815,61.85646761286207
15981473,14.365793950714828
17815596,63.06396474801652
18431947,136.97092919739472
19491091,86.19063307153027
17571120,68.43927936386658
13959790,9.321733261426038
19230637,104.72672491371827
17088742,14.841953539766035
11137342,4.637519291369764
19206652,198.7904151674553
17182951,84.07485687815988
13224621,193.55258114047334
19905203,35.38079186892405
16608280,175.1542051943249
16700343,32.462423253250705
15505673,138.8070335429495
11182154,102.26701063647555
18716245,44.376796620545804
14061500,166.2605506726664
10512864,48.69159149865285
11527139,189.42801391773116
12283776,194.60467625152774
15688364,154.07900172668326
13460467,175.959910603579
16204129,162.91032327557153
13681264,54.07532061360594
14337029,146.6057412279496
19077586,73.04554602549406
19932368,178.67270368757426
16433963,81.19266814782074
12486656,118.91535696680874
11054957,120.21980885048549
14291828,104.77703417555338
14103817,11.900134591470657
14681515,94.5811984039837
15416195,121.02640054268574
13556687,7.279546553598344
11583704,108.074407319584
12603718,15.861569124469273
18357319,144.47514779866128
14350844,51.818961008425504
17316651,61.9873446761598
15172637,119.78128985275224
13837437,141.8226606291962
16997918,7.62881698275026
19637443,87.62304811654116
15702969,115.11153426899713
16394867,13.740861276462288
11031105,91.29534872264784
11459632,144.65506033722352
12971741,15.940240874586586
19899373,101.00121493516198
10515327,97.45400701104788
16550761,192.527398255317
14135729,20.6682222930361
12201423,151.52790436287071
11589382,55.460952869654136
12672483,125.26234358575117
15876239,169.2871232422897
19484196,83.8882517015483
12379970,94.24867664722261
17908106,109.72659266144967
19576240,12.385296948929607
13485137,24.729960994001686
13006321,47.519860527116386
16435957,176.03385355652458
10454071,23.160669324322793
18498779,121.37811919850984
12071364,58.11408716810603
19370901,15.376366995120549
12702791,122.60257006485578
15103291,7.999195993027481
10173035,158.55440689446453
10324929,150.71637390354184
15019770,60.97490976879634
11100068,172.65783898161402
19818659,164.76503638470197
12149605,35.09194660423947
13880166,206.18848227935177
14795009,7.206242851955851
14468018,132.0238215912321
19781282,184.20926618023933
16324636,54.80207306064807
11278005,119.55642118658574
19521579,20.676866779909094
18264642,214.02854391540333
